MONTH,DAY_OF_WEEK,DEP_DEL15,DEP_TIME_BLK,DISTANCE_GROUP,SEGMENT_NUMBER,CONCURRENT_FLIGHTS,NUMBER_OF_SEATS,CARRIER_NAME,AIRPORT_FLIGHTS_MONTH,AIRLINE_FLIGHTS_MONTH,AIRLINE_AIRPORT_FLIGHTS_MONTH,AVG_MONTHLY_PASS_AIRPORT,AVG_MONTHLY_PASS_AIRLINE,FLT_ATTENDANTS_PER_PASS,GROUND_SERV_PER_PASS,PLANE_AGE,DEPARTING_AIRPORT,LATITUDE,LONGITUDE,PREVIOUS_AIRPORT,PRCP,SNOW,SNWD,TMAX,AWND,CARRIER_HISTORICAL,DEP_AIRPORT_HIST,DAY_HISTORICAL,DEP_BLOCK_HIST
7,7,0,1500-1559,3,3,26,160,American Airlines Inc.,19534,79247,7972,2006675,11744595,9.82082928995461e-05,0.00017728721959309724,6,Douglas Municipal,35.219,-80.936,Chicago O'Hare International,0.0,0.0,0.0,95.0,4.25,0.2377091471954006,0.2732357375614027,0.22253848170480506,0.25547875927174646
4,1,0,1300-1359,4,4,63,50,SkyWest Airlines Inc.,18788,67082,3655,2743323,3472966,3.419267401443636e-05,9.900278805864171e-05,15,Stapleton International,39.774,-104.88,El Paso International,0.0,0.0,0.0,71.0,11.41,0.1546512650620071,0.12184873949579832,0.2379718670466495,0.19750294927251277
11,4,0,0001-0559,2,1,3,76,American Eagle Airlines Inc.,1148,25517,300,90547,1204766,0.00034840766560500434,0.00010686715174900371,3,Adams Field,34.729,-92.234,NONE,0.0,0.0,0.0,54.0,0.45,0.11755905511811024,0.18786731291566006,0.1398860693940963,0.06032663037440284
3,2,0,1500-1559,7,5,14,143,Southwest Airlines Co.,7612,114119,3282,1023434,13382999,6.178236301460919e-05,9.889412309998219e-05,19,San Diego International Lindbergh Fl,32.733,-117.187,San Jose International,0.0,0.0,0.0,64.0,8.05,0.2043892222493479,0.14144641301190822,0.13286823228849365,0.202036989687207
7,3,0,0800-0859,1,2,85,50,American Eagle Airlines Inc.,29376,28267,6058,3103410,1204766,0.00034840766560500434,0.00010686715174900371,15,Chicago O'Hare International,41.978,-87.906,Cincinnati/Northern Kentucky International,0.01,0.0,0.0,94.0,10.51,0.20326275598750435,0.19376083188908147,0.2030270924776752,0.11304974765681326
9,4,0,0800-0859,2,2,32,100,JetBlue Airways,11294,23638,844,955406,3190369,0.0001600389254787507,0.00012686617611396965,6,Ronald Reagan Washington National,38.852,-77.037,Logan International,0.01,0.0,0.0,89.0,3.8,0.17475791677571317,0.14415675297410777,0.16732145635599813,0.08425519018033036
11,3,0,0700-0759,8,1,18,150,American Airlines Inc.,6491,77179,979,874468,11744595,9.82082928995461e-05,0.00017728721959309724,22,Tampa International,27.973,-82.535,NONE,0.0,0.0,0.0,69.0,11.18,0.14230237360056072,0.18786731291566006,0.14749755226631342,0.07653538186400033
8,6,1,1900-1959,3,1,39,154,United Air Lines Inc.,23099,55706,6032,2743323,8501631,0.00025380424062159367,0.00022898547349326266,3,Stapleton International,39.774,-104.88,NONE,0.0,0.0,0.0,84.0,8.95,0.2214602874333307,0.18786731291566006,0.16186967124116694,0.32235817575083425
7,3,0,0800-0859,11,1,48,173,United Air Lines Inc.,19667,55374,2582,2780593,8501631,0.00025380424062159367,0.00022898547349326266,4,Los Angeles International,33.942,-118.408,NONE,0.0,0.0,0.0,72.0,8.05,0.2366009589770911,0.18786731291566006,0.2030270924776752,0.11304974765681326
7,2,1,2000-2059,1,6,3,99,American Airlines Inc.,4275,79247,593,385767,11744595,9.82082928995461e-05,0.00017728721959309724,12,Pittsburgh International,40.497,-80.236,Philadelphia International,0.68,0.0,0.0,89.0,8.95,0.2377091471954006,0.24362527716186252,0.20201193470140924,0.33619836198361985
10,3,0,0800-0859,2,2,50,149,Alaska Airlines Inc.,18105,22073,1724,2780593,2884187,3.233146156611231e-05,0.00017460144972655646,3,Los Angeles International,33.942,-118.408,San Francisco International,0.0,0.0,0.0,91.0,5.82,0.13477454337899544,0.14787117359656995,0.15751080971785858,0.09970275400207713
9,6,0,1200-1259,11,2,13,181,Alaska Airlines Inc.,4254,21620,267,719055,2884187,3.233146156611231e-05,0.00017460144972655646,5,Honolulu International,21.319,-157.922,Seattle International,0.0,0.0,0.0,81.0,6.93,0.14858916071299705,0.15846548507462688,0.1044504333891762,0.12769196328632193
1,2,0,1100-1159,4,2,23,76,American Eagle Airlines Inc.,11206,23760,114,955406,1204766,0.00034840766560500434,0.00010686715174900371,3,Ronald Reagan Washington National,38.852,-77.037,Northwest Arkansas Regional,0.0,0.0,0.0,62.0,12.3,0.20771687962340282,0.18786731291566006,0.15948943442579175,0.16662922862662294
11,5,0,1400-1459,4,3,56,70,Atlantic Southeast Airlines,26830,11090,1018,3103410,473794,0.0,0.0001998053656534928,0,Chicago O'Hare International,41.978,-87.906,Detroit Metro Wayne County,0.0,0.0,0.0,32.0,7.16,0.15692007797270954,0.14216058077798244,0.15372196735985677,0.16527816347310934
7,6,0,1200-1259,3,2,6,175,Southwest Airlines Co.,10124,117728,965,1065782,13382999,6.178236301460919e-05,9.889412309998219e-05,5,Salt Lake City International,40.784,-111.967,Chicago Midway International,0.0,0.0,0.0,95.0,4.92,0.21594507669470558,0.2879906723668869,0.20331257623419144,0.17458541458541457
7,1,1,1000-1059,2,3,18,143,Southwest Airlines Co.,5847,117728,3518,642980,13382999,6.178236301460919e-05,9.889412309998219e-05,18,Lambert-St. Louis International,38.747,-90.364,Tampa International,0.72,0.0,0.0,87.0,9.62,0.21594507669470558,0.23381801125703564,0.2199389713578136,0.14307556127786272
5,3,0,0700-0759,1,1,62,65,American Eagle Airlines Inc.,28802,27761,5975,3103410,1204766,0.00034840766560500434,0.00010686715174900371,9,Chicago O'Hare International,41.978,-87.906,NONE,0.8,0.0,0.0,58.0,8.28,0.19432692974547472,0.18786731291566006,0.1807751986583703,0.0970220588235294
3,5,0,1700-1759,3,5,4,143,Southwest Airlines Co.,1118,114119,381,124691,13382999,6.178236301460919e-05,9.889412309998219e-05,20,Albany International,42.746,-73.805,Chicago Midway International,0.24,0.0,0.0,51.0,6.93,0.2043892222493479,0.27287923109068113,0.20171141658757616,0.2252193162253013
6,1,1,1600-1659,5,4,14,132,Delta Air Lines Inc.,7008,87183,729,1413432,12460183,0.0001441658849878598,0.0001486602009422039,17,Miami International,25.792,-80.286,Detroit Metro Wayne County,0.01,0.0,0.0,98.0,4.92,0.20073005268776473,0.20273184759166069,0.25356818055271996,0.32778964972591285
4,3,1,1600-1659,2,6,52,66,SkyWest Airlines Inc.,22914,67082,1547,2907365,3472966,3.419267401443636e-05,9.900278805864171e-05,13,Dallas Fort Worth Regional,32.894,-97.03,Aspen Pitkin County Sardy Field,0.18,0.0,0.0,84.0,14.09,0.1546512650620071,0.18786731291566006,0.12761567933981727,0.24457780087889242
5,6,1,2200-2259,4,5,56,181,American Airlines Inc.,25360,78894,12702,2907365,11744595,9.82082928995461e-05,0.00017728721959309724,4,Dallas Fort Worth Regional,32.894,-97.03,Phoenix Sky Harbor International,1.05,0.0,0.0,65.0,6.93,0.25727301346271364,0.2253715185513237,0.1799073314349148,0.26631059983566147
11,3,0,1500-1559,7,1,8,160,American Airlines Inc.,5532,77179,693,642980,11744595,9.82082928995461e-05,0.00017728721959309724,3,Lambert-St. Louis International,38.747,-90.364,NONE,0.0,0.0,0.0,61.0,11.86,0.14230237360056072,0.18786731291566006,0.14749755226631342,0.16907735154074208
5,1,0,0900-0959,3,3,9,128,American Airlines Inc.,5139,78894,618,564680,11744595,9.82082928995461e-05,0.00017728721959309724,19,Louis Armstrong New Orleans International,29.991,-90.251,Douglas Municipal,0.0,0.0,0.0,84.0,7.83,0.25727301346271364,0.21422395157803717,0.19366788878704552,0.1314805371409145
3,4,0,0700-0759,4,1,11,160,American Airlines Inc.,4610,78308,389,477995,11744595,9.82082928995461e-05,0.00017728721959309724,5,Kansas City International,39.298,-94.714,NONE,0.0,0.0,0.0,38.0,14.09,0.1907914478619655,0.18786731291566006,0.17945184504670036,0.08736439794618384
1,1,0,2200-2259,1,6,19,50,SkyWest Airlines Inc.,11784,62105,2857,1486066,3472966,3.419267401443636e-05,9.900278805864171e-05,16,Detroit Metro Wayne County,42.217,-83.344,Piedmont Triad International,0.05,0.0,0.0,53.0,15.88,0.2080508474576271,0.15101070154577884,0.1769969124782088,0.18651379271199908
8,5,1,1200-1259,2,3,9,69,"Midwest Airline, Inc.",4088,28070,1081,344196,1529740,1.25293581928874e-06,0.00012382274422796983,11,Port Columbus International,39.991,-82.878,John F. Kennedy International,0.0,0.0,0.0,86.0,7.16,0.19564981557821653,0.2683722751599008,0.21104137238055018,0.18210098109595596
6,7,0,0700-0759,3,1,15,132,Delta Air Lines Inc.,5529,87183,773,800302,12460183,0.0001441658849878598,0.0001486602009422039,19,Portland International,45.589,-122.595,NONE,0.0,0.0,0.0,85.0,6.49,0.20073005268776473,0.18786731291566006,0.2707091566151969,0.11078761875574625
8,3,0,0700-0759,5,1,24,150,JetBlue Airways,10855,25270,3662,1680928,3190369,0.0001600389254787507,0.00012686617611396965,11,John F. Kennedy International,40.639,-73.777,NONE,0.35,0.0,0.0,91.0,8.28,0.3166625093539536,0.18786731291566006,0.22167235494880547,0.09866934471503891
2,2,1,2200-2259,2,7,2,143,Southwest Airlines Co.,6562,94922,4356,1093478,13382999,6.178236301460919e-05,9.889412309998219e-05,14,Friendship International,39.176,-76.671,Atlanta Municipal,0.81,0.0,0.0,35.0,9.17,0.25888729226540047,0.1949303820064263,0.20574501515922722,0.22785458269329237
9,6,0,0900-0959,3,2,10,76,SkyWest Airlines Inc.,13331,66731,3822,1486066,3472966,3.419267401443636e-05,9.900278805864171e-05,11,Detroit Metro Wayne County,42.217,-83.344,Richmond International,0.23,0.0,0.0,85.0,4.47,0.13815390217259377,0.12569444444444444,0.1044504333891762,0.10255390597384234
6,3,0,0900-0959,2,2,2,76,SkyWest Airlines Inc.,1199,71188,98,106354,3472966,3.419267401443636e-05,9.900278805864171e-05,11,Rochester Monroe County,43.121,-77.671,Detroit Metro Wayne County,0.46,0.0,0.0,81.0,5.14,0.20821040912886168,0.20273184759166069,0.2371748183838497,0.15193661229822564
7,6,0,1200-1259,2,4,20,143,Southwest Airlines Co.,12603,117728,925,1472200,13382999,6.178236301460919e-05,9.889412309998219e-05,15,Logan International,42.364,-71.006,Friendship International,0.0,0.0,0.0,82.0,9.84,0.21594507669470558,0.2613653875789798,0.20331257623419144,0.17458541458541457
1,4,0,1900-1959,2,5,4,160,American Airlines Inc.,3383,75506,479,429725,11744595,9.82082928995461e-05,0.00017728721959309724,5,Orange County,33.676,-117.867,Phoenix Sky Harbor International,0.0,0.0,0.0,64.0,2.91,0.16084351412341452,0.1481736733287388,0.19897175669359685,0.24791896499849564
9,7,0,1400-1459,5,2,22,173,United Air Lines Inc.,10832,51239,4673,1708599,8501631,0.00025380424062159367,0.00022898547349326266,6,Newark Liberty International,40.696,-74.172,Fort Lauderdale-Hollywood International,0.0,0.0,0.0,77.0,9.4,0.16761816443040542,0.1326486013986014,0.12687625287243925,0.15640697780619234
7,3,0,1500-1559,2,4,6,143,Southwest Airlines Co.,6167,117728,2339,874468,13382999,6.178236301460919e-05,9.889412309998219e-05,19,Tampa International,27.973,-82.535,Atlanta Municipal,0.06,0.0,0.0,90.0,5.59,0.21594507669470558,0.22141582873824198,0.2030270924776752,0.25547875927174646
3,5,0,0600-0659,2,1,11,90,Comair Inc.,1886,24032,179,170270,1245396,0.0,8.999810569042966e-05,5,Standiford Field,38.18,-85.739,NONE,0.0,0.0,0.0,39.0,6.26,0.17581488314883148,0.18786731291566006,0.20171141658757616,0.06481628127969591
7,1,0,1500-1559,2,4,86,50,SkyWest Airlines Inc.,35086,72721,2297,4365661,3472966,3.419267401443636e-05,9.900278805864171e-05,19,Atlanta Municipal,33.641,-84.427,Greater Peoria,0.0,0.0,0.0,91.0,3.36,0.18837350060526026,0.18786731291566006,0.2199389713578136,0.25547875927174646
7,1,1,1900-1959,7,5,27,160,American Airlines Inc.,26639,79247,13367,2907365,11744595,9.82082928995461e-05,0.00017728721959309724,8,Dallas Fort Worth Regional,32.894,-97.03,Raleigh-Durham International,0.01,0.0,0.0,92.0,9.62,0.2377091471954006,0.21219953476350478,0.2199389713578136,0.35212814645308926
8,2,0,1800-1859,4,2,82,160,American Airlines Inc.,27148,80820,13678,2907365,11744595,9.82082928995461e-05,0.00017728721959309724,18,Dallas Fort Worth Regional,32.894,-97.03,Miami International,0.0,0.0,0.0,102.0,7.61,0.22821516863056462,0.2956124677387334,0.21854794364701643,0.30838624917889207
6,6,0,1000-1059,5,2,24,76,Endeavor Air Inc.,14197,21319,965,1581456,1212846,0.0,9.351277617445623e-05,5,Minneapolis-St Paul International,44.886,-93.218,Washington Dulles International,0.0,0.0,0.0,94.0,5.59,0.2544042748601486,0.2011132623426912,0.23068835866640533,0.17235203820569675
10,1,1,0001-0559,6,1,18,180,Frontier Airlines Inc.,22355,12581,2616,2743323,1857122,0.00011572564827677376,7.134694872433899e-06,9,Stapleton International,39.774,-104.88,NONE,0.22,2.0,3.9,21.0,5.37,0.254606995110944,0.18786731291566006,0.16357066230026537,0.06897865853658537
10,4,1,1700-1759,2,3,12,149,Delta Air Lines Inc.,6015,86312,625,642980,12460183,0.0001441658849878598,0.0001486602009422039,28,Lambert-St. Louis International,38.747,-90.364,Atlanta Municipal,0.0,0.0,0.0,62.0,3.8,0.11841485333379867,0.15888799559937375,0.19261931791673795,0.21093117408906883
11,7,1,1500-1559,2,5,5,70,Comair Inc.,2035,23395,218,170270,1245396,0.0,8.999810569042966e-05,15,Standiford Field,38.18,-85.739,Douglas Municipal,0.0,0.0,0.0,49.0,1.34,0.17646132030880732,0.15125558239988285,0.11388531555763458,0.16907735154074208
7,7,0,2000-2059,2,3,28,76,Endeavor Air Inc.,13900,21554,1742,1208249,1212846,0.0,9.351277617445623e-05,12,LaGuardia,40.779,-73.876,Myrtle Beach International,0.0,0.0,0.0,92.0,11.41,0.19076691477795435,0.2238372093023256,0.22253848170480506,0.33619836198361985
11,4,0,1500-1559,5,1,24,100,JetBlue Airways,9943,24694,3296,1680928,3190369,0.0001600389254787507,0.00012686617611396965,13,John F. Kennedy International,40.639,-73.777,NONE,0.0,0.0,0.0,53.0,7.38,0.18825075075075076,0.18786731291566006,0.1398860693940963,0.16907735154074208
10,1,0,1800-1859,8,4,16,160,Delta Air Lines Inc.,7503,86312,774,732595,12460183,0.0001441658849878598,0.0001486602009422039,20,Nashville International,36.127,-86.682,Salt Lake City International,0.83,0.0,0.0,82.0,3.8,0.11841485333379867,0.10434399765189316,0.16357066230026537,0.22621527008463685
5,1,0,0600-0659,5,1,16,200,JetBlue Airways,10815,24886,3537,1680928,3190369,0.0001600389254787507,0.00012686617611396965,3,John F. Kennedy International,40.639,-73.777,NONE,0.0,0.0,0.0,67.0,8.95,0.21838226186052273,0.18786731291566006,0.19366788878704552,0.06922199047656527
4,3,0,2000-2059,5,4,20,228,Spirit Air Lines,12669,16316,433,1472200,2688839,9.173723925704242e-06,0.00012465107307156237,3,Logan International,42.364,-71.006,Fort Lauderdale-Hollywood International,0.4,0.0,0.0,65.0,18.12,0.18651621467855112,0.22543933054393306,0.12761567933981727,0.24885020523218437
3,4,1,1300-1359,4,3,25,143,Southwest Airlines Co.,11965,114119,1338,955406,13382999,6.178236301460919e-05,9.889412309998219e-05,13,Ronald Reagan Washington National,38.852,-77.037,Atlanta Municipal,0.0,0.0,0.0,75.0,11.18,0.2043892222493479,0.14253202966958867,0.17945184504670036,0.1926021628864006
7,4,0,0800-0859,5,1,33,191,Delta Air Lines Inc.,10704,90457,2868,1680928,12460183,0.0001441658849878598,0.0001486602009422039,1,John F. Kennedy International,40.639,-73.777,NONE,0.0,0.0,0.0,86.0,6.26,0.19021873914984375,0.18786731291566006,0.22800718132854578,0.11304974765681326
6,7,1,1400-1459,4,2,43,76,Endeavor Air Inc.,25390,21319,171,2907365,1212846,0.0,9.351277617445623e-05,11,Dallas Fort Worth Regional,32.894,-97.03,Cincinnati/Northern Kentucky International,0.01,0.0,0.0,90.0,10.74,0.2544042748601486,0.2490527040992077,0.2707091566151969,0.2673144795343081
6,5,0,1100-1159,2,2,3,65,American Eagle Airlines Inc.,1424,27159,135,118923,1204766,0.00034840766560500434,0.00010686715174900371,9,Des Moines Municipal,41.534,-93.657,Chicago O'Hare International,0.01,0.0,0.0,76.0,12.75,0.24696065031292713,0.3082476265822785,0.22267777065983343,0.19077451190731604
3,5,0,1600-1659,5,3,7,142,United Air Lines Inc.,4192,53007,216,385767,8501631,0.00025380424062159367,0.00022898547349326266,21,Pittsburgh International,40.497,-80.236,Houston Intercontinental,0.0,0.0,0.0,36.0,4.92,0.18402961396086726,0.15894342381866375,0.20171141658757616,0.21635943656868517
1,2,0,1500-1559,4,3,8,76,Mesa Airlines Inc.,2641,17869,141,289569,1191889,0.0,9.131157116170832e-05,3,Jacksonville International,30.485,-81.688,Washington Dulles International,0.0,0.0,0.0,55.0,4.92,0.16515121565526783,0.1480656832730309,0.15948943442579175,0.2100527886160202
3,4,0,0600-0659,5,1,13,128,American Airlines Inc.,3488,78308,799,401950,11744595,9.82082928995461e-05,0.00017728721959309724,6,San Antonio International,29.533,-98.469,NONE,0.01,0.0,0.0,78.0,11.63,0.1907914478619655,0.18786731291566006,0.17945184504670036,0.06481628127969591
10,3,0,1700-1759,3,2,7,69,"Midwest Airline, Inc.",4135,28628,292,404265,1529740,1.25293581928874e-06,0.00012382274422796983,13,Cleveland-Hopkins International,41.411,-81.849,Logan International,0.39,0.0,0.0,64.0,6.93,0.15603553758578498,0.1866751809280545,0.15751080971785858,0.21093117408906883
11,4,0,1800-1859,3,4,83,160,American Airlines Inc.,24926,77179,12790,2907365,11744595,9.82082928995461e-05,0.00017728721959309724,18,Dallas Fort Worth Regional,32.894,-97.03,Tucson International,0.04,0.0,0.0,77.0,11.86,0.14230237360056072,0.127838519764508,0.1398860693940963,0.19261614388079534
11,1,1,1800-1859,2,6,81,76,American Eagle Airlines Inc.,24926,25517,4903,2907365,1204766,0.00034840766560500434,0.00010686715174900371,2,Dallas Fort Worth Regional,32.894,-97.03,Bush Field,0.0,0.0,0.0,71.0,4.03,0.11755905511811024,0.18786731291566006,0.15229332867485781,0.19261614388079534
2,7,1,2100-2159,5,4,1,129,Allegiant Air,1211,7180,59,118923,1257616,1.3252580061983643e-05,0.00010774347590392701,11,Des Moines Municipal,41.534,-93.657,McCarran International,0.25,3.0,1.2,28.0,5.59,0.2232196289646918,0.27188996684268696,0.19104526288815896,0.29165506358488813
6,2,1,1600-1659,10,2,24,168,Delta Air Lines Inc.,18543,87183,3266,2780593,12460183,0.0001441658849878598,0.0001486602009422039,23,Los Angeles International,33.942,-118.408,John F. Kennedy International,0.0,0.0,0.0,68.0,8.05,0.20073005268776473,0.24201590082199165,0.23238814664486912,0.32778964972591285
10,5,1,0600-0659,7,1,49,157,Alaska Airlines Inc.,29960,22073,326,3103410,2884187,3.233146156611231e-05,0.00017460144972655646,7,Chicago O'Hare International,41.978,-87.906,NONE,0.0,0.0,0.0,48.0,3.8,0.13477454337899544,0.18786731291566006,0.19371339610052635,0.0585253967666753
11,6,0,0800-0859,2,2,76,50,SkyWest Airlines Inc.,26830,66502,4964,3103410,3472966,3.419267401443636e-05,9.900278805864171e-05,17,Chicago O'Hare International,41.978,-87.906,Akron-Canton Regional,0.0,0.0,0.0,46.0,10.29,0.1363774826367735,0.18786731291566006,0.13570632037123637,0.09431699485473326
12,6,0,0600-0659,3,1,20,146,Alaska Airlines Inc.,13645,21752,1778,1908862,2884187,3.233146156611231e-05,0.00017460144972655646,8,San Francisco International,37.619,-122.375,NONE,0.0,0.0,0.0,62.0,4.03,0.24070505958752586,0.18786731291566006,0.20042836207868334,0.08193870057588992
8,4,0,1800-1859,8,3,14,228,Spirit Air Lines,14631,18296,997,1486066,2688839,9.173723925704242e-06,0.00012465107307156237,1,Detroit Metro Wayne County,42.217,-83.344,San Diego International Lindbergh Fl,0.0,0.0,0.0,81.0,13.42,0.2658898305084746,0.16095832630335752,0.2420213543952026,0.30838624917889207
7,1,1,1700-1759,4,5,30,143,Southwest Airlines Co.,12133,117728,3548,1823051,13382999,6.178236301460919e-05,9.889412309998219e-05,13,Orlando International,28.432,-81.325,Chicago Midway International,0.32,0.0,0.0,94.0,5.14,0.21594507669470558,0.2879906723668869,0.2199389713578136,0.31053443569761463
8,2,0,1800-1859,6,2,81,160,American Airlines Inc.,27148,80820,13678,2907365,11744595,9.82082928995461e-05,0.00017728721959309724,19,Dallas Fort Worth Regional,32.894,-97.03,Palm Beach International,0.0,0.0,0.0,99.0,8.05,0.22821516863056462,0.24829931972789115,0.21854794364701643,0.30838624917889207
2,6,0,1800-1859,2,4,42,66,SkyWest Airlines Inc.,28011,56790,2087,4365661,3472966,3.419267401443636e-05,9.900278805864171e-05,17,Atlanta Municipal,33.641,-84.427,Baton Rouge Metropolitan/Ryan Field,0.0,0.0,0.0,54.0,10.51,0.23924894003634162,0.18786731291566006,0.16393883923764402,0.2950484673827613
3,4,0,0700-0759,5,2,33,180,Delta Air Lines Inc.,12338,84142,1509,1472200,12460183,0.0001441658849878598,0.0001486602009422039,2,Logan International,42.364,-71.006,Atlanta Municipal,0.0,0.0,0.0,51.0,7.38,0.12407527113409467,0.14253202966958867,0.17945184504670036,0.08736439794618384
10,7,0,1200-1259,4,2,77,66,SkyWest Airlines Inc.,25833,71625,1405,2907365,3472966,3.419267401443636e-05,9.900278805864171e-05,14,Dallas Fort Worth Regional,32.894,-97.03,Flagstaff Pulliam,0.01,0.0,0.0,98.0,11.63,0.14794228285890743,0.18786731291566006,0.1653708598973721,0.16448152562574495
4,1,0,1600-1659,5,2,21,150,JetBlue Airways,10372,24966,3317,1680928,3190369,0.0001600389254787507,0.00012686617611396965,16,John F. Kennedy International,40.639,-73.777,Palm Beach International,0.78,0.0,0.0,62.0,19.91,0.26758400393144544,0.24008810572687225,0.2379718670466495,0.24457780087889242
8,5,0,1800-1859,2,5,4,66,SkyWest Airlines Inc.,3463,74087,351,429725,3472966,3.419267401443636e-05,9.900278805864171e-05,10,Orange County,33.676,-117.867,San Francisco International,0.0,0.0,0.0,77.0,6.93,0.17259594652867616,0.23886500429922614,0.21104137238055018,0.30838624917889207
7,2,0,0700-0759,4,1,43,154,United Air Lines Inc.,15196,55374,5201,1690031,8501631,0.00025380424062159367,0.00022898547349326266,14,Houston Intercontinental,29.983,-95.34,NONE,0.0,0.0,0.0,91.0,12.3,0.2366009589770911,0.18786731291566006,0.20201193470140924,0.10123584696218456
10,5,0,1500-1559,2,3,23,175,Southwest Airlines Co.,14566,115051,6206,1903352,13382999,6.178236301460919e-05,9.889412309998219e-05,3,McCarran International,36.08,-115.152,Chicago Midway International,0.0,0.0,0.0,72.0,6.71,0.17932290605257795,0.21181695307974513,0.19371339610052635,0.1969053525627549
12,6,0,0600-0659,2,1,23,76,"Midwest Airline, Inc.",13493,28319,2770,1208249,1529740,1.25293581928874e-06,0.00012382274422796983,11,LaGuardia,40.779,-73.876,NONE,0.0,0.0,0.0,50.0,8.28,0.18621614373826764,0.18786731291566006,0.20042836207868334,0.08193870057588992
7,7,0,0700-0759,3,1,5,50,SkyWest Airlines Inc.,1766,72721,243,126323,3472966,3.419267401443636e-05,9.900278805864171e-05,15,Birmingham Airport,33.563,-86.756,NONE,1.6,0.0,0.0,90.0,6.04,0.18837350060526026,0.18786731291566006,0.22253848170480506,0.10123584696218456
5,1,0,1000-1059,10,1,10,159,JetBlue Airways,10815,24886,3537,1680928,3190369,0.0001600389254787507,0.00012686617611396965,5,John F. Kennedy International,40.639,-73.777,NONE,0.0,0.0,0.0,89.0,14.76,0.21838226186052273,0.18786731291566006,0.19366788878704552,0.1560421052631579
7,6,0,1200-1259,5,2,14,154,United Air Lines Inc.,6167,55374,670,874468,8501631,0.00025380424062159367,0.00022898547349326266,20,Tampa International,27.973,-82.535,Chicago O'Hare International,0.0,0.0,0.0,92.0,5.37,0.2366009589770911,0.2732357375614027,0.20331257623419144,0.17458541458541457
5,1,1,0001-0559,1,1,4,79,Mesa Airlines Inc.,1591,18618,216,154047,1191889,0.0,9.131157116170832e-05,16,Tucson International,32.116,-110.941,NONE,0.0,0.0,0.0,86.0,7.83,0.196233989676926,0.18786731291566006,0.19366788878704552,0.08339052848318462
10,4,0,1600-1659,1,5,2,44,American Eagle Airlines Inc.,1202,27632,287,89733,1204766,0.00034840766560500434,0.00010686715174900371,16,Piedmont Triad International,36.092,-79.943,Douglas Municipal,0.0,0.0,0.0,69.0,0.45,0.14306182391288774,0.1626146151708808,0.19261931791673795,0.21782399143163156
6,1,0,1100-1159,4,2,49,191,Delta Air Lines Inc.,33994,87183,21122,4365661,12460183,0.0001441658849878598,0.0001486602009422039,1,Atlanta Municipal,33.641,-84.427,San Antonio International,0.0,0.0,0.0,90.0,5.37,0.20073005268776473,0.213653603034134,0.25356818055271996,0.19077451190731604
2,3,0,0600-0659,7,1,32,173,United Air Lines Inc.,22752,43512,5161,3103410,8501631,0.00025380424062159367,0.00022898547349326266,6,Chicago O'Hare International,41.978,-87.906,NONE,0.09,0.2,2.0,38.0,13.87,0.1894957549926099,0.18786731291566006,0.23188882312969905,0.07890555169331612
11,2,0,1700-1759,3,4,46,160,American Airlines Inc.,26830,77179,5439,3103410,11744595,9.82082928995461e-05,0.00017728721959309724,6,Chicago O'Hare International,41.978,-87.906,LaGuardia,0.01,0.0,0.0,41.0,2.91,0.14230237360056072,0.1473427389413387,0.15312997191176758,0.18264623354198145
5,3,0,1900-1959,2,4,23,50,Endeavor Air Inc.,10815,20860,1833,1680928,1212846,0.0,9.351277617445623e-05,16,John F. Kennedy International,40.639,-73.777,Norfolk International,0.01,0.0,0.0,55.0,8.05,0.15217574989438107,0.1810344827586207,0.1807751986583703,0.30736861791658876
1,1,0,0700-0759,7,1,6,175,Southwest Airlines Co.,2327,107363,915,279230,13382999,6.178236301460919e-05,9.889412309998219e-05,3,General Mitchell Field,42.95,-87.897,NONE,0.01,0.9,3.9,22.0,10.29,0.1724374357216318,0.18786731291566006,0.1769969124782088,0.08847476814560021
8,7,0,1900-1959,9,3,11,173,United Air Lines Inc.,4293,55706,577,404265,8501631,0.00025380424062159367,0.00022898547349326266,5,Cleveland-Hopkins International,41.411,-81.849,San Francisco International,0.0,0.0,0.0,79.0,8.05,0.2214602874333307,0.23886500429922614,0.19651916171077882,0.32235817575083425
7,7,0,1200-1259,4,3,6,76,Mesa Airlines Inc.,2250,19483,17,204019,1191889,0.0,9.131157116170832e-05,3,Eppley Airfield,41.302,-95.893,Houston Intercontinental,1.87,0.0,0.0,80.0,12.08,0.19484188462589994,0.23101563972112305,0.22253848170480506,0.17458541458541457
12,6,0,0800-0859,5,1,21,175,Southwest Airlines Co.,9282,113248,2160,1391212,13382999,6.178236301460919e-05,9.889412309998219e-05,5,Fort Lauderdale-Hollywood International,26.074,-80.152,NONE,0.0,0.0,0.0,85.0,9.84,0.26403810805912964,0.18786731291566006,0.20042836207868334,0.13155201819215465
12,7,0,1100-1159,2,1,64,128,American Airlines Inc.,19683,79228,8434,2006675,11744595,9.82082928995461e-05,0.00017728721959309724,17,Douglas Municipal,35.219,-80.936,NONE,0.0,0.0,0.0,61.0,5.37,0.17834477639636295,0.18786731291566006,0.226980167528948,0.19388839304687833
3,3,0,1500-1559,7,2,3,128,American Airlines Inc.,1619,78308,53,148882,11744595,9.82082928995461e-05,0.00017728721959309724,19,Kent County,42.881,-85.524,Phoenix Sky Harbor International,0.12,0.0,0.0,50.0,9.62,0.1907914478619655,0.20375022429571146,0.15126881465218853,0.202036989687207
2,6,0,0800-0859,3,1,18,176,American Airlines Inc.,7168,70199,4218,1413432,11744595,9.82082928995461e-05,0.00017728721959309724,18,Miami International,25.792,-80.286,NONE,0.0,0.0,0.0,81.0,8.05,0.2008435808116842,0.18786731291566006,0.16393883923764402,0.13273326015367728
6,5,0,1600-1659,8,2,27,180,Delta Air Lines Inc.,13872,87183,5150,1486066,12460183,0.0001441658849878598,0.0001486602009422039,5,Detroit Metro Wayne County,42.217,-83.344,Seattle International,0.53,0.0,0.0,91.0,5.14,0.20073005268776473,0.18763114301490888,0.22267777065983343,0.32778964972591285
5,2,0,2300-2359,1,7,12,50,SkyWest Airlines Inc.,34238,70878,2682,4365661,3472966,3.419267401443636e-05,9.900278805864171e-05,15,Atlanta Municipal,33.641,-84.427,Mobile Regional,0.0,0.0,0.0,84.0,5.14,0.17422367236723674,0.18786731291566006,0.1908767011272706,0.22091003820771102
11,6,0,2300-2359,4,4,3,150,JetBlue Airways,8495,24694,2155,1391212,3190369,0.0001600389254787507,0.00012686617611396965,19,Fort Lauderdale-Hollywood International,26.074,-80.152,Philadelphia International,0.0,0.0,0.0,80.0,5.37,0.18825075075075076,0.12311557788944724,0.13570632037123637,0.1300893743793446
9,2,0,0600-0659,4,1,11,150,American Airlines Inc.,14118,76533,607,1690031,11744595,9.82082928995461e-05,0.00017728721959309724,18,Houston Intercontinental,29.983,-95.34,NONE,0.0,0.0,0.0,90.0,10.07,0.15382995021064727,0.18786731291566006,0.13081148766005574,0.0555623596652378
12,6,0,2200-2259,1,1,11,150,JetBlue Airways,12223,25034,4422,1472200,3190369,0.0001600389254787507,0.00012686617611396965,16,Logan International,42.364,-71.006,NONE,0.0,0.0,0.0,51.0,10.96,0.305875,0.18786731291566006,0.20042836207868334,0.2792087542087542
7,1,0,1300-1359,7,2,26,181,Alaska Airlines Inc.,13781,24454,6465,1960746,2884187,3.233146156611231e-05,0.00017460144972655646,1,Seattle International,47.447,-122.306,Dallas Fort Worth Regional,0.0,0.0,0.0,83.0,5.82,0.1534798069596139,0.22167461295334012,0.2199389713578136,0.19782147142989015
6,2,1,1200-1259,7,3,24,186,Frontier Airlines Inc.,21878,11337,2386,2743323,1857122,0.00011572564827677376,7.134694872433899e-06,3,Stapleton International,39.774,-104.88,Detroit Metro Wayne County,0.0,0.0,0.0,83.0,12.75,0.33089453340695746,0.20273184759166069,0.23238814664486912,0.2112363316435544
5,5,0,1100-1159,2,3,9,160,American Airlines Inc.,4271,78894,593,385767,11744595,9.82082928995461e-05,0.00017728721959309724,19,Pittsburgh International,40.497,-80.236,Chicago O'Hare International,0.14,0.0,0.0,71.0,2.24,0.25727301346271364,0.23833399523431295,0.20697729916773558,0.16332520358811128
11,6,0,1500-1559,1,5,10,175,Southwest Airlines Co.,2243,108130,207,301832,13382999,6.178236301460919e-05,9.889412309998219e-05,7,Kahului Airport,20.901,-156.434,Honolulu International,0.0,0.0,0.0,87.0,4.25,0.1730562327209337,0.07474813129671758,0.13570632037123637,0.16907735154074208
2,1,0,1200-1259,2,2,27,143,Southwest Airlines Co.,11500,94922,5104,1903352,13382999,6.178236301460919e-05,9.889412309998219e-05,14,McCarran International,36.08,-115.152,Lambert-St. Louis International,0.05,0.0,0.0,49.0,12.97,0.25888729226540047,0.2506195786864932,0.22953878406708594,0.22841025641025642
2,5,0,0800-0859,4,2,25,143,Southwest Airlines Co.,11500,94922,5104,1903352,13382999,6.178236301460919e-05,9.889412309998219e-05,14,McCarran International,36.08,-115.152,Kansas City International,0.01,0.0,0.0,58.0,13.2,0.25888729226540047,0.2032520325203252,0.23696468512096525,0.13273326015367728
4,4,0,0800-0859,5,2,42,160,American Airlines Inc.,22914,74131,11638,2907365,11744595,9.82082928995461e-05,0.00017728721959309724,5,Dallas Fort Worth Regional,32.894,-97.03,Tampa International,0.2,0.0,0.0,71.0,12.75,0.20460428811382275,0.18410484041428873,0.171316644372253,0.10659742258126563
10,4,1,1500-1559,1,3,35,76,SkyWest Airlines Inc.,13751,71625,3687,1581456,3472966,3.419267401443636e-05,9.900278805864171e-05,11,Minneapolis-St Paul International,44.886,-93.218,Cleveland-Hopkins International,0.41,0.0,0.0,59.0,16.11,0.14794228285890743,0.12599515403253722,0.19261931791673795,0.1969053525627549
12,1,1,1000-1059,5,2,67,66,SkyWest Airlines Inc.,27188,70473,5294,3103410,3472966,3.419267401443636e-05,9.900278805864171e-05,9,Chicago O'Hare International,41.978,-87.906,Blue Grass,0.01,0.3,0.0,30.0,6.71,0.20251253418413856,0.18786731291566006,0.25164658017962693,0.18421052631578946
3,1,0,1600-1659,2,5,3,76,Mesa Airlines Inc.,1646,18407,85,216694,1191889,0.0,9.131157116170832e-05,13,Ontario International,34.056,-117.601,Phoenix Sky Harbor International,0.0,0.0,0.0,73.0,5.82,0.16739585314818337,0.20375022429571146,0.1608678955453149,0.21635943656868517
9,4,1,0700-0759,4,1,28,182,Spirit Air Lines,6520,15996,1518,1391212,2688839,9.173723925704242e-06,0.00012465107307156237,3,Fort Lauderdale-Hollywood International,26.074,-80.152,NONE,0.0,0.0,0.0,93.0,9.62,0.13169984686064318,0.18786731291566006,0.16732145635599813,0.07147673634524612
7,6,0,0700-0759,6,1,16,76,Mesa Airlines Inc.,5978,19483,99,690385,1191889,0.0,9.131157116170832e-05,4,Austin - Bergstrom International,30.194,-97.67,NONE,0.0,0.0,0.0,94.0,4.47,0.19484188462589994,0.18786731291566006,0.20331257623419144,0.10123584696218456
5,2,1,2200-2259,4,1,13,143,Southwest Airlines Co.,4875,113709,4412,589072,13382999,6.178236301460919e-05,9.889412309998219e-05,9,William P Hobby,29.645,-95.279,NONE,3.38,0.0,0.0,81.0,11.63,0.24861999587288486,0.18786731291566006,0.1908767011272706,0.26631059983566147
4,6,1,1800-1859,1,5,8,143,Southwest Airlines Co.,5669,110752,5250,673221,13382999,6.178236301460919e-05,9.889412309998219e-05,19,Dallas Love Field,32.847,-96.853,Lambert-St. Louis International,2.73,0.0,0.0,64.0,14.32,0.2157258332116643,0.22277227722772278,0.1771240234375,0.26130947027610396
5,5,0,0700-0759,4,1,14,182,Spirit Air Lines,4287,17814,268,404265,2688839,9.173723925704242e-06,0.00012465107307156237,1,Cleveland-Hopkins International,41.411,-81.849,NONE,0.0,0.0,0.0,68.0,7.83,0.22603084143479718,0.18786731291566006,0.20697729916773558,0.0970220588235294
1,7,0,0600-0659,4,1,17,162,JetBlue Airways,10155,23463,144,1960746,3190369,0.0001600389254787507,0.00012686617611396965,16,Seattle International,47.447,-122.306,NONE,0.4,0.0,0.0,50.0,12.75,0.26723152444354786,0.18786731291566006,0.17856736911500604,0.06315549475604196
6,5,0,1000-1059,3,2,6,180,Delta Air Lines Inc.,1928,87183,460,404840,12460183,0.0001441658849878598,0.0001486602009422039,1,Southwest Florida International,26.536,-81.755,Atlanta Municipal,0.0,0.0,0.0,96.0,2.91,0.20073005268776473,0.25182740904724116,0.22267777065983343,0.17235203820569675
7,1,1,1700-1759,3,5,11,70,Comair Inc.,4154,24403,450,364314,1245396,0.0,8.999810569042966e-05,15,Cincinnati/Northern Kentucky International,39.048,-84.669,Douglas Municipal,0.36,0.0,0.0,90.0,2.46,0.21429614485981308,0.22574040219378427,0.2199389713578136,0.31053443569761463
7,2,0,0600-0659,1,1,14,160,American Airlines Inc.,7261,79247,4094,1413432,11744595,9.82082928995461e-05,0.00017728721959309724,20,Miami International,25.792,-80.286,NONE,0.0,0.0,0.0,98.0,5.14,0.2377091471954006,0.18786731291566006,0.20201193470140924,0.07291591090473772
6,7,0,1700-1759,2,5,11,120,United Air Lines Inc.,4733,53737,418,564680,8501631,0.00025380424062159367,0.00022898547349326266,21,Louis Armstrong New Orleans International,29.991,-90.251,Houston Intercontinental,0.16,0.0,0.0,93.0,3.36,0.2654725819785065,0.2741697053316251,0.2707091566151969,0.34501642935377874
3,1,0,1800-1859,1,6,75,172,American Airlines Inc.,23912,78308,12140,2907365,11744595,9.82082928995461e-05,0.00017728721959309724,10,Dallas Fort Worth Regional,32.894,-97.03,Indianapolis Muni/Weir Cook,0.01,0.0,0.0,60.0,8.95,0.1907914478619655,0.13470993117010815,0.1608678955453149,0.24054716737643567
7,6,0,1100-1159,5,2,40,149,Alaska Airlines Inc.,13781,24454,6465,1960746,2884187,3.233146156611231e-05,0.00017460144972655646,4,Seattle International,47.447,-122.306,Philadelphia International,0.0,0.0,0.0,80.0,8.28,0.1534798069596139,0.24362527716186252,0.20331257623419144,0.15762740324070187
5,1,0,1100-1159,4,3,17,173,United Air Lines Inc.,5040,53980,613,800302,8501631,0.00025380424062159367,0.00022898547349326266,11,Portland International,45.589,-122.595,Stapleton International,0.0,0.0,0.0,83.0,6.49,0.21281967747190095,0.24731778223852702,0.19366788878704552,0.16332520358811128
5,5,0,1600-1659,6,5,12,143,Southwest Airlines Co.,5171,113709,2893,614236,13382999,6.178236301460919e-05,9.889412309998219e-05,15,San Jose International,37.363,-121.941,Tucson International,0.0,0.0,0.0,78.0,6.49,0.24861999587288486,0.1560798548094374,0.20697729916773558,0.27368563930865986
11,5,0,1900-1959,1,5,4,76,American Eagle Airlines Inc.,1584,25517,165,148882,1204766,0.00034840766560500434,0.00010686715174900371,0,Kent County,42.881,-85.524,Chicago O'Hare International,0.0,0.0,0.0,39.0,9.62,0.11755905511811024,0.14947819106234947,0.15372196735985677,0.1983169569024224
5,4,0,1200-1259,7,2,26,216,United Air Lines Inc.,18013,53980,2299,2780593,8501631,0.00025380424062159367,0.00022898547349326266,18,Los Angeles International,33.942,-118.408,Chicago O'Hare International,0.0,0.0,0.0,65.0,7.83,0.21281967747190095,0.23833399523431295,0.2508514599700286,0.1914535084687176
4,1,0,1700-1759,2,6,17,50,SkyWest Airlines Inc.,13675,67082,3299,1908862,3472966,3.419267401443636e-05,9.900278805864171e-05,18,San Francisco International,37.619,-122.375,Ontario International,0.0,0.0,0.0,77.0,9.84,0.1546512650620071,0.14129520605550883,0.2379718670466495,0.24453475935828878
1,3,0,1500-1559,3,4,7,143,Southwest Airlines Co.,4887,107363,1893,690385,13382999,6.178236301460919e-05,9.889412309998219e-05,13,Austin - Bergstrom International,30.194,-97.67,Orlando International,0.05,0.0,0.0,58.0,2.91,0.1724374357216318,0.18262645680644,0.18060695780903036,0.2100527886160202
11,3,0,1100-1159,3,3,11,180,Delta Air Lines Inc.,8800,79989,552,1093478,12460183,0.0001441658849878598,0.0001486602009422039,2,Friendship International,39.176,-76.671,Atlanta Municipal,0.0,0.0,0.0,55.0,8.72,0.10088231967120395,0.09997714285714286,0.14749755226631342,0.12955447728275254
1,2,0,1900-1959,4,5,2,146,Alaska Airlines Inc.,1282,20315,269,90611,2884187,3.233146156611231e-05,0.00017460144972655646,8,Palm Springs International,33.827,-116.505,Seattle International,0.0,0.0,0.0,73.0,3.58,0.13986606111923638,0.11721611721611722,0.15948943442579175,0.24791896499849564
10,4,0,1600-1659,3,6,17,143,Southwest Airlines Co.,6015,115051,3486,642980,13382999,6.178236301460919e-05,9.889412309998219e-05,15,Lambert-St. Louis International,38.747,-90.364,Kansas City International,0.94,0.0,0.0,71.0,9.62,0.17932290605257795,0.13556231003039515,0.19261931791673795,0.21782399143163156
8,7,1,0700-0759,3,1,20,160,American Airlines Inc.,10613,80820,4130,1297685,11744595,9.82082928995461e-05,0.00017728721959309724,20,Philadelphia International,39.868,-75.249,NONE,0.0,0.0,0.0,78.0,10.96,0.22821516863056462,0.18786731291566006,0.19651916171077882,0.09866934471503891
10,6,0,1900-1959,3,5,9,128,American Airlines Inc.,25833,80161,13048,2907365,11744595,9.82082928995461e-05,0.00017728721959309724,4,Dallas Fort Worth Regional,32.894,-97.03,Adams Field,0.0,0.0,0.0,94.0,8.28,0.17208213717566603,0.16271186440677965,0.11216232157602926,0.22540415704387992
8,3,0,0600-0659,3,1,48,76,American Eagle Airlines Inc.,29971,28893,6172,3103410,1204766,0.00034840766560500434,0.00010686715174900371,3,Chicago O'Hare International,41.978,-87.906,NONE,0.0,0.0,0.0,88.0,7.83,0.1931568842567197,0.18786731291566006,0.22167235494880547,0.07010895310279489
12,7,0,1700-1759,3,3,14,191,Delta Air Lines Inc.,4332,81498,586,477995,12460183,0.0001441658849878598,0.0001486602009422039,0,Kansas City International,39.298,-94.714,Atlanta Municipal,0.0,0.0,0.0,52.0,9.84,0.15739002392784834,0.16233536639264562,0.226980167528948,0.2622231253810201
1,1,0,1000-1059,2,2,76,50,SkyWest Airlines Inc.,30842,62105,2311,4365661,3472966,3.419267401443636e-05,9.900278805864171e-05,16,Atlanta Municipal,33.641,-84.427,Dannelly Field,0.0,0.0,0.0,59.0,6.26,0.2080508474576271,0.18786731291566006,0.1769969124782088,0.15433423106769525
7,3,0,0900-0959,2,2,15,175,Southwest Airlines Co.,8408,117728,3564,1023434,13382999,6.178236301460919e-05,9.889412309998219e-05,6,San Diego International Lindbergh Fl,32.733,-117.187,Chicago Midway International,0.0,0.0,0.0,82.0,5.37,0.21594507669470558,0.2879906723668869,0.2030270924776752,0.127380856706582
3,5,0,2100-2159,11,3,21,181,American Airlines Inc.,11006,78308,562,1960746,11744595,9.82082928995461e-05,0.00017728721959309724,2,Seattle International,47.447,-122.306,Dallas Fort Worth Regional,0.01,0.0,0.0,65.0,8.28,0.1907914478619655,0.22450682400619823,0.20171141658757616,0.22954580211041445
7,3,0,1200-1259,1,2,27,154,United Air Lines Inc.,6107,55374,2497,780326,8501631,0.00025380424062159367,0.00022898547349326266,11,Washington Dulles International,38.942,-77.458,Logan International,0.0,0.0,0.0,88.0,7.61,0.2366009589770911,0.2238688671831144,0.2030270924776752,0.17458541458541457
5,6,0,0600-0659,2,1,14,143,Southwest Airlines Co.,5171,113709,2893,614236,13382999,6.178236301460919e-05,9.889412309998219e-05,17,San Jose International,37.363,-121.941,NONE,0.0,0.0,0.0,72.0,7.61,0.24861999587288486,0.18786731291566006,0.1799073314349148,0.06922199047656527
7,6,0,1600-1659,2,4,30,76,SkyWest Airlines Inc.,15391,72721,3319,1908862,3472966,3.419267401443636e-05,9.900278805864171e-05,4,San Francisco International,37.619,-122.375,Boise Air Terminal,0.0,0.0,0.0,67.0,13.42,0.18837350060526026,0.108348134991119,0.20331257623419144,0.28921018364689505
8,2,0,0800-0859,4,1,38,187,American Airlines Inc.,10613,80820,4130,1297685,11744595,9.82082928995461e-05,0.00017728721959309724,8,Philadelphia International,39.868,-75.249,NONE,0.0,0.0,0.0,79.0,5.59,0.22821516863056462,0.18786731291566006,0.21854794364701643,0.11237266553480475
5,2,0,0001-0559,2,1,6,160,American Airlines Inc.,4641,78894,426,477995,11744595,9.82082928995461e-05,0.00017728721959309724,5,Kansas City International,39.298,-94.714,NONE,0.69,0.0,0.0,65.0,9.84,0.25727301346271364,0.18786731291566006,0.1908767011272706,0.08339052848318462
5,6,0,0700-0759,3,1,21,186,Frontier Airlines Inc.,14018,11254,719,1903352,1857122,0.00011572564827677376,7.134694872433899e-06,2,McCarran International,36.08,-115.152,NONE,0.0,0.0,0.0,81.0,7.16,0.3181818181818182,0.18786731291566006,0.1799073314349148,0.0970220588235294
3,5,0,1900-1959,4,4,13,175,Southwest Airlines Co.,4625,114119,1122,404840,13382999,6.178236301460919e-05,9.889412309998219e-05,6,Southwest Florida International,26.536,-81.755,General Mitchell Field,0.0,0.0,0.0,81.0,8.95,0.2043892222493479,0.14360313315926893,0.20171141658757616,0.24370177558798922
11,3,0,0700-0759,6,1,63,132,Delta Air Lines Inc.,26830,79989,1126,3103410,12460183,0.0001441658849878598,0.0001486602009422039,16,Chicago O'Hare International,41.978,-87.906,NONE,0.01,0.0,0.0,55.0,11.41,0.10088231967120395,0.18786731291566006,0.14749755226631342,0.07653538186400033
12,2,1,1900-1959,4,2,15,76,SkyWest Airlines Inc.,12707,70473,3467,1581456,3472966,3.419267401443636e-05,9.900278805864171e-05,12,Minneapolis-St Paul International,44.886,-93.218,Truax Field,0.0,0.0,0.0,64.0,3.58,0.20251253418413856,0.19757575757575757,0.1997842391862735,0.3021548662088563
1,5,0,1600-1659,6,6,33,143,Southwest Airlines Co.,17725,107363,3451,2780593,13382999,6.178236301460919e-05,9.889412309998219e-05,14,Los Angeles International,33.942,-118.408,San Jose International,0.0,0.0,0.0,63.0,4.7,0.1724374357216318,0.12188612099644128,0.17172256567191768,0.21289034649935834
1,1,0,1900-1959,2,4,52,154,United Air Lines Inc.,18286,46218,5037,2743323,8501631,0.00025380424062159367,0.00022898547349326266,11,Stapleton International,39.774,-104.88,Minneapolis-St Paul International,0.07,2.3,1.2,31.0,12.97,0.18188240583154042,0.15810989539497414,0.1769969124782088,0.24791896499849564
4,5,1,1800-1859,2,6,33,44,American Eagle Airlines Inc.,14138,25138,1296,1208249,1204766,0.00034840766560500434,0.00010686715174900371,18,LaGuardia,40.779,-73.876,Standiford Field,0.48,0.0,0.0,66.0,12.3,0.14814814814814814,0.1618705035971223,0.2324257329873349,0.26130947027610396
3,7,0,1400-1459,2,4,11,143,Southwest Airlines Co.,4886,114119,2700,614236,13382999,6.178236301460919e-05,9.889412309998219e-05,18,San Jose International,37.363,-121.941,Los Angeles International,0.04,0.0,0.0,58.0,9.4,0.2043892222493479,0.20248571869692758,0.19147336426171813,0.21026414404533406
7,3,1,1000-1059,2,2,50,50,SkyWest Airlines Inc.,23471,72721,4971,2743323,3472966,3.419267401443636e-05,9.900278805864171e-05,16,Stapleton International,39.774,-104.88,Yampa Valley,0.0,0.0,0.0,97.0,12.08,0.18837350060526026,0.18786731291566006,0.2030270924776752,0.14307556127786272
9,5,1,1100-1159,3,2,47,66,SkyWest Airlines Inc.,28583,66731,5357,3103410,3472966,3.419267401443636e-05,9.900278805864171e-05,13,Chicago O'Hare International,41.978,-87.906,Will Rogers World,1.35,0.0,0.0,77.0,11.86,0.13815390217259377,0.1250914411119239,0.16524705156864256,0.11839268776407692
10,3,0,1900-1959,2,7,12,143,Southwest Airlines Co.,5536,115051,3180,614236,13382999,6.178236301460919e-05,9.889412309998219e-05,15,San Jose International,37.363,-121.941,Salt Lake City International,0.0,0.0,0.0,71.0,3.58,0.17932290605257795,0.10434399765189316,0.15751080971785858,0.22540415704387992
9,6,1,1500-1559,5,4,30,175,Southwest Airlines Co.,17615,107436,3308,2780593,13382999,6.178236301460919e-05,9.889412309998219e-05,3,Los Angeles International,33.942,-118.408,Kansas City International,0.0,0.0,0.0,72.0,8.72,0.12482946793997271,0.11022108298622237,0.1044504333891762,0.15940929776032836
11,3,0,1700-1759,4,4,40,128,American Airlines Inc.,24926,77179,12790,2907365,11744595,9.82082928995461e-05,0.00017728721959309724,6,Dallas Fort Worth Regional,32.894,-97.03,Eagle County Regional,0.0,0.0,0.0,76.0,17.0,0.14230237360056072,0.18786731291566006,0.14749755226631342,0.18264623354198145
1,2,1,1400-1459,2,6,23,100,JetBlue Airways,11206,23463,830,955406,3190369,0.0001600389254787507,0.00012686617611396965,14,Ronald Reagan Washington National,38.852,-77.037,Orlando International,0.0,0.0,0.0,32.0,5.82,0.26723152444354786,0.18262645680644,0.15948943442579175,0.21071528490161334
8,3,0,2100-2159,2,7,1,76,"Midwest Airline, Inc.",5552,28070,466,573075,1529740,1.25293581928874e-06,0.00012382274422796983,3,Raleigh-Durham International,35.875,-78.782,Newark Liberty International,0.0,0.0,0.0,88.0,2.91,0.19564981557821653,0.3037582332429291,0.22167235494880547,0.3219656852361788
7,2,0,0700-0759,4,1,41,180,Delta Air Lines Inc.,35086,90457,21769,4365661,12460183,0.0001441658849878598,0.0001486602009422039,3,Atlanta Municipal,33.641,-84.427,NONE,0.12,0.0,0.0,92.0,5.14,0.19021873914984375,0.18786731291566006,0.20201193470140924,0.10123584696218456
5,5,0,0900-0959,2,3,6,143,Southwest Airlines Co.,3528,113709,1310,429725,13382999,6.178236301460919e-05,9.889412309998219e-05,13,Orange County,33.676,-117.867,Phoenix Sky Harbor International,0.0,0.0,0.0,70.0,6.71,0.24861999587288486,0.2253715185513237,0.20697729916773558,0.1314805371409145
1,1,0,1600-1659,3,6,1,120,Alaska Airlines Inc.,1304,20315,1165,222594,2884187,3.233146156611231e-05,0.00017460144972655646,19,Anchorage International,61.169,-149.985,Juneau International,0.01,0.0,11.0,21.0,7.83,0.13986606111923638,0.18786731291566006,0.1769969124782088,0.21289034649935834
7,1,0,1800-1859,4,2,25,181,Alaska Airlines Inc.,19667,24454,1824,2780593,2884187,3.233146156611231e-05,0.00017460144972655646,3,Los Angeles International,33.942,-118.408,John F. Kennedy International,0.0,0.0,0.0,72.0,6.26,0.1534798069596139,0.24193548387096775,0.2199389713578136,0.3263928713220698
4,5,1,1700-1759,2,6,6,143,Southwest Airlines Co.,2167,110752,578,204019,13382999,6.178236301460919e-05,9.889412309998219e-05,20,Eppley Airfield,41.302,-95.893,Ronald Reagan Washington National,0.0,0.0,0.0,68.0,6.71,0.2157258332116643,0.18546030199707744,0.2324257329873349,0.24453475935828878
4,3,0,1800-1859,4,6,7,143,Southwest Airlines Co.,4461,110752,1982,477995,13382999,6.178236301460919e-05,9.889412309998219e-05,19,Kansas City International,39.298,-94.714,Louis Armstrong New Orleans International,0.4,0.0,0.0,74.0,13.87,0.2157258332116643,0.22545349841635473,0.12761567933981727,0.26130947027610396
5,3,0,0800-0859,3,2,31,76,SkyWest Airlines Inc.,9517,70878,3781,1065782,3472966,3.419267401443636e-05,9.900278805864171e-05,3,Salt Lake City International,40.784,-111.967,San Antonio International,0.34,0.0,0.0,55.0,5.37,0.17422367236723674,0.17827780181739505,0.1807751986583703,0.11103341675253937
6,4,0,1000-1059,4,2,6,158,Delta Air Lines Inc.,2303,87183,432,270922,12460183,0.0001441658849878598,0.0001486602009422039,24,Bradley International,41.939,-72.683,Atlanta Municipal,0.24,0.0,0.0,60.0,6.93,0.20073005268776473,0.25182740904724116,0.2514772268506625,0.17235203820569675
12,4,0,0700-0759,3,1,5,76,American Eagle Airlines Inc.,1107,26721,325,90547,1204766,0.00034840766560500434,0.00010686715174900371,2,Adams Field,34.729,-92.234,NONE,0.0,0.0,0.0,68.0,2.91,0.17687226304460774,0.18786731291566006,0.18161763307532852,0.10819386055366066
7,2,1,1700-1759,3,4,36,124,United Air Lines Inc.,11201,55374,381,955406,8501631,0.00025380424062159367,0.00022898547349326266,20,Ronald Reagan Washington National,38.852,-77.037,Chicago O'Hare International,0.58,0.0,0.0,77.0,8.05,0.2366009589770911,0.2732357375614027,0.20201193470140924,0.31053443569761463
6,3,0,1800-1859,3,5,4,129,American Eagle Airlines Inc.,1199,27159,112,106354,1204766,0.00034840766560500434,0.00010686715174900371,11,Rochester Monroe County,43.121,-77.671,Chicago O'Hare International,0.46,0.0,0.0,81.0,5.14,0.24696065031292713,0.3082476265822785,0.2371748183838497,0.3656540999909592
3,5,0,2100-2159,2,4,37,76,"Midwest Airline, Inc.",7956,26929,1054,1413432,1529740,1.25293581928874e-06,0.00012382274422796983,5,Miami International,25.792,-80.286,Pittsburgh International,0.0,0.0,0.0,80.0,9.84,0.1388417599819025,0.13831967213114754,0.20171141658757616,0.22954580211041445
12,2,0,1500-1559,4,2,32,109,Delta Air Lines Inc.,25322,81498,921,2907365,12460183,0.0001441658849878598,0.0001486602009422039,0,Dallas Fort Worth Regional,32.894,-97.03,Salt Lake City International,0.0,0.0,0.0,68.0,6.49,0.15739002392784834,0.16426553672316385,0.1997842391862735,0.24966951617167532
5,2,0,2200-2259,4,4,57,76,American Eagle Airlines Inc.,25360,27761,4899,2907365,1204766,0.00034840766560500434,0.00010686715174900371,3,Dallas Fort Worth Regional,32.894,-97.03,Greenville-Spartanburg,0.27,0.0,0.0,83.0,12.3,0.19432692974547472,0.17659352142110762,0.1908767011272706,0.26631059983566147
10,3,0,1900-1959,2,6,22,90,Comair Inc.,20449,24198,8189,2006675,1245396,0.0,8.999810569042966e-05,0,Douglas Municipal,35.219,-80.936,Piedmont Triad International,0.0,0.0,0.0,79.0,8.05,0.17227049489988666,0.14684466019417475,0.15751080971785858,0.22540415704387992
3,2,0,1900-1959,2,7,14,129,Delta Air Lines Inc.,5137,84142,811,573075,12460183,0.0001441658849878598,0.0001486602009422039,11,Raleigh-Durham International,35.875,-78.782,Atlanta Municipal,0.06,0.0,0.0,56.0,10.07,0.12407527113409467,0.14253202966958867,0.13286823228849365,0.24370177558798922
6,5,1,1000-1059,1,2,30,76,"Midwest Airline, Inc.",14033,26990,2759,1208249,1529740,1.25293581928874e-06,0.00012382274422796983,11,LaGuardia,40.779,-73.876,Lambert-St. Louis International,0.0,0.0,0.0,76.0,13.42,0.2089368603545663,0.3009484747500641,0.22267777065983343,0.17235203820569675
4,7,0,2000-2059,2,8,63,90,Comair Inc.,18979,23434,7448,2006675,1245396,0.0,8.999810569042966e-05,3,Douglas Municipal,35.219,-80.936,Charlottesville Albemarle,0.01,0.0,0.0,71.0,5.14,0.22537788385043755,0.18786731291566006,0.20372403138594136,0.24885020523218437
5,4,0,0001-0559,2,2,7,143,Southwest Airlines Co.,2588,113709,993,279230,13382999,6.178236301460919e-05,9.889412309998219e-05,15,General Mitchell Field,42.95,-87.897,Atlanta Municipal,0.37,0.0,0.0,43.0,6.26,0.24861999587288486,0.17277070063694266,0.2508514599700286,0.08339052848318462
12,7,1,1200-1259,3,3,6,70,Comair Inc.,2642,24003,134,289569,1245396,0.0,8.999810569042966e-05,15,Jacksonville International,30.485,-81.688,Ronald Reagan Washington National,0.26,0.0,0.0,75.0,6.93,0.2236157846436219,0.20817170933540213,0.226980167528948,0.2109591375857514
6,1,0,1000-1059,2,3,12,76,SkyWest Airlines Inc.,3351,71188,342,429725,3472966,3.419267401443636e-05,9.900278805864171e-05,2,Orange County,33.676,-117.867,San Jose International,0.0,0.0,0.0,72.0,4.92,0.20821040912886168,0.19194376858610435,0.25356818055271996,0.17235203820569675
6,7,0,1000-1059,4,2,13,143,Southwest Airlines Co.,6007,112879,2289,874468,13382999,6.178236301460919e-05,9.889412309998219e-05,17,Tampa International,27.973,-82.535,William P Hobby,0.0,0.0,0.0,93.0,5.59,0.2597746164719308,0.3443995381062356,0.2707091566151969,0.17235203820569675
4,5,1,1700-1759,8,3,17,180,Delta Air Lines Inc.,9556,81803,506,1297685,12460183,0.0001441658849878598,0.0001486602009422039,1,Philadelphia International,39.868,-75.249,Salt Lake City International,0.78,0.0,0.0,71.0,10.07,0.13955758569244653,0.09822119102861562,0.2324257329873349,0.24453475935828878
5,6,1,0800-0859,4,1,6,76,SkyWest Airlines Inc.,2105,70878,536,178477,3472966,3.419267401443636e-05,9.900278805864171e-05,11,Will Rogers World,35.392,-97.602,NONE,1.46,0.0,0.0,74.0,14.99,0.17422367236723674,0.18786731291566006,0.1799073314349148,0.11103341675253937
11,4,0,0800-0859,3,1,7,79,Mesa Airlines Inc.,2035,18459,180,170270,1191889,0.0,9.131157116170832e-05,15,Standiford Field,38.18,-85.739,NONE,0.0,0.0,0.0,42.0,7.38,0.1507966980226531,0.18786731291566006,0.1398860693940963,0.09431699485473326
9,2,1,1400-1459,2,3,18,143,Southwest Airlines Co.,6791,107436,6386,819756,13382999,6.178236301460919e-05,9.889412309998219e-05,20,Chicago Midway International,41.785,-87.752,Phoenix Sky Harbor International,0.0,0.0,0.0,79.0,12.08,0.12482946793997271,0.14026767836442197,0.13081148766005574,0.15640697780619234
7,7,0,1600-1659,3,5,14,149,Delta Air Lines Inc.,7261,90457,725,1413432,12460183,0.0001441658849878598,0.0001486602009422039,29,Miami International,25.792,-80.286,Atlanta Municipal,0.0,0.0,0.0,92.0,6.26,0.19021873914984375,0.22141582873824198,0.22253848170480506,0.28921018364689505
12,1,0,1400-1459,1,4,64,76,Mesa Airlines Inc.,15165,18545,3098,1690031,1191889,0.0,9.131157116170832e-05,5,Houston Intercontinental,29.983,-95.34,Douglas Municipal,0.0,0.0,0.0,84.0,6.26,0.23355455787624438,0.186039740883616,0.25164658017962693,0.23846050329699905
9,1,0,1400-1459,2,3,7,180,Frontier Airlines Inc.,4580,11895,91,564680,1857122,0.00011572564827677376,7.134694872433899e-06,13,Louis Armstrong New Orleans International,29.991,-90.251,San Antonio International,0.0,0.0,0.0,91.0,5.14,0.2035243475921442,0.10789814415192059,0.13711199423073972,0.15640697780619234
1,1,0,1600-1659,4,2,19,145,Spirit Air Lines,8899,15023,283,1297685,2688839,9.173723925704242e-06,0.00012465107307156237,14,Philadelphia International,39.868,-75.249,Los Angeles International,0.0,0.0,0.0,35.0,9.62,0.14396847848050112,0.1708502024291498,0.1769969124782088,0.21289034649935834
8,2,0,1500-1559,10,3,5,173,United Air Lines Inc.,1427,55706,181,154082,8501631,0.00025380424062159367,0.00022898547349326266,5,Keahole,19.739,-156.046,San Francisco International,0.0,0.0,0.0,87.0,7.38,0.2214602874333307,0.23886500429922614,0.21854794364701643,0.245737460685317
6,3,0,1100-1159,1,3,18,100,JetBlue Airways,12427,24204,4294,1472200,3190369,0.0001600389254787507,0.00012686617611396965,14,Logan International,42.364,-71.006,Newark Liberty International,0.0,0.0,0.0,75.0,11.63,0.29450634879502463,0.3424548352816153,0.2371748183838497,0.19077451190731604
8,6,1,1700-1759,6,4,59,173,United Air Lines Inc.,23099,55706,6032,2743323,8501631,0.00025380424062159367,0.00022898547349326266,3,Stapleton International,39.774,-104.88,Chicago O'Hare International,0.0,0.0,0.0,84.0,8.95,0.2214602874333307,0.23244194899124476,0.16186967124116694,0.29361752145124004
10,3,0,1000-1059,2,3,8,124,United Air Lines Inc.,7503,54923,445,732595,8501631,0.00025380424062159367,0.00022898547349326266,20,Nashville International,36.127,-86.682,Chicago O'Hare International,0.0,0.0,0.0,80.0,7.16,0.1563762728301277,0.16316264059607993,0.15751080971785858,0.13597181931205968
2,2,0,1000-1059,5,2,18,200,JetBlue Airways,10780,22053,1520,1823051,3190369,0.0001600389254787507,0.00012686617611396965,3,Orlando International,28.432,-81.325,John F. Kennedy International,0.16,0.0,0.0,85.0,8.28,0.2808576253763125,0.18291380625476736,0.20574501515922722,0.18748415234038238
10,6,0,1000-1059,1,3,25,143,Southwest Airlines Co.,14566,115051,6206,1903352,13382999,6.178236301460919e-05,9.889412309998219e-05,21,McCarran International,36.08,-115.152,Los Angeles International,0.0,0.0,0.0,79.0,4.92,0.17932290605257795,0.13491434010152284,0.11216232157602926,0.13597181931205968
1,4,0,1000-1059,3,3,69,76,Endeavor Air Inc.,23400,19857,134,3103410,1212846,0.0,9.351277617445623e-05,11,Chicago O'Hare International,41.978,-87.906,John F. Kennedy International,0.0,0.0,0.0,35.0,5.59,0.19872727272727272,0.18679298642533937,0.19897175669359685,0.15433423106769525
11,2,0,1700-1759,3,5,4,76,SkyWest Airlines Inc.,1323,66502,190,125614,3472966,3.419267401443636e-05,9.900278805864171e-05,10,Tulsa International,36.198,-95.89,Minneapolis-St Paul International,0.0,0.0,0.0,67.0,16.33,0.1363774826367735,0.13396139705882354,0.15312997191176758,0.18264623354198145
4,2,0,0700-0759,1,1,48,110,Delta Air Lines Inc.,18979,81803,616,2006675,12460183,0.0001441658849878598,0.0001486602009422039,13,Douglas Municipal,35.219,-80.936,NONE,0.1,0.1,0.0,54.0,7.83,0.13955758569244653,0.18786731291566006,0.1386030459424374,0.09427990935375478
11,2,0,1800-1859,5,4,83,228,Spirit Air Lines,24926,17350,633,2907365,2688839,9.173723925704242e-06,0.00012465107307156237,2,Dallas Fort Worth Regional,32.894,-97.03,McCarran International,0.0,0.0,0.0,75.0,10.74,0.1239575103151611,0.16068506599760007,0.15312997191176758,0.19261614388079534
1,5,0,1100-1159,2,4,25,50,Endeavor Air Inc.,10278,19857,1481,1680928,1212846,0.0,9.351277617445623e-05,15,John F. Kennedy International,40.639,-73.777,Washington Dulles International,0.0,0.0,0.0,32.0,19.01,0.19872727272727272,0.1480656832730309,0.17172256567191768,0.16662922862662294
2,6,0,0600-0659,4,1,28,180,Frontier Airlines Inc.,10780,8643,1050,1823051,1857122,0.00011572564827677376,7.134694872433899e-06,3,Orlando International,28.432,-81.325,NONE,0.03,0.0,0.0,77.0,7.38,0.2547970479704797,0.18786731291566006,0.16393883923764402,0.07890555169331612
10,5,0,1700-1759,5,5,11,70,"Midwest Airline, Inc.",4760,28628,508,477995,1529740,1.25293581928874e-06,0.00012382274422796983,14,Kansas City International,39.298,-94.714,Houston Intercontinental,0.0,0.0,0.0,72.0,15.21,0.15603553758578498,0.20052498359426268,0.19371339610052635,0.21093117408906883
4,4,0,1000-1059,2,3,78,143,Southwest Airlines Co.,32678,110752,3345,4365661,13382999,6.178236301460919e-05,9.889412309998219e-05,10,Atlanta Municipal,33.641,-84.427,Chicago Midway International,0.01,0.0,0.0,82.0,9.84,0.2157258332116643,0.28058761804826865,0.171316644372253,0.14777310187620551
11,6,0,1600-1659,8,3,31,180,Delta Air Lines Inc.,12038,79989,1466,1823051,12460183,0.0001441658849878598,0.0001486602009422039,6,Orlando International,28.432,-81.325,Salt Lake City International,0.0,0.0,0.0,88.0,7.38,0.10088231967120395,0.09996841440303222,0.13570632037123637,0.17614567242428497
12,1,0,1900-1959,2,7,11,143,Southwest Airlines Co.,5195,113248,2999,614236,13382999,6.178236301460919e-05,9.889412309998219e-05,14,San Jose International,37.363,-121.941,Orange County,0.0,0.0,0.0,59.0,4.03,0.26403810805912964,0.21634208298052499,0.25164658017962693,0.3021548662088563
